Created,Description,Pass Rate,# Tests
2026-07-24T20:32:51.446Z,EDD on Grade Story Analysis,93.33,15
2026-07-24T20:25:12.225Z,EDD on Grade Story Analysis,54.55,11
2026-07-24T20:10:19.910Z,EDD on Grade Story Analysis,0,1
2026-07-24T20:08:25.657Z,EDD on Grade Story Analysis,100,1
2026-07-16T21:21:51.876Z,EDD on Grade Story Analysis,106.25,8
2026-07-14T18:59:31.916Z,EDD on Grade Story Analysis,94.44,18
2026-07-13T15:41:26.461Z,EDD on Grade Story Analysis,88.89,18
2026-07-07T19:23:39.118Z,EDD on Grade Story Analysis,91.67,18
2026-07-07T18:56:06.396Z,EDD on Grade Story Analysis,91.18,17
2026-07-07T18:32:59.741Z,EDD on Grade Story Analysis,96.88,16
2026-07-07T16:28:37.749Z,EDD on Grade Story Analysis,93.75,16
2026-07-07T16:16:51.652Z,EDD on Grade Story Analysis,92.86,7
2026-07-07T16:09:00.807Z,EDD on Grade Story Analysis,64.29,7
2026-07-07T15:48:59.608Z,EDD on Grade Story Analysis,71.43,7
2026-07-07T15:33:24.966Z,EDD on Grade Story Analysis,78.57,7
2026-07-07T15:19:20.463Z,EDD on Grade Story Analysis,78.57,7
2026-07-07T14:55:58.337Z,EDD on Grade Story Analysis,64.29,7
2026-07-07T14:50:24.952Z,EDD on Grade Story Analysis,78.57,7
2026-07-07T14:28:57.053Z,EDD on Grade Story Analysis,71.43,7
2026-07-07T14:18:05.267Z,EDD on Grade Story Analysis,64.29,7
2026-07-07T13:57:07.846Z,EDD on Grade Story Analysis,64.29,7
2026-07-07T13:33:20.107Z,EDD on Grade Story Analysis,100,9
2026-07-06T21:44:57.283Z,EDD on Grade Story Analysis,71.43,7
2026-07-06T21:29:11.890Z,EDD on Grade Story Analysis,50,7
2026-07-06T21:01:16.600Z,EDD on Grade Story Analysis,64.29,7
2026-07-06T20:54:24.597Z,EDD on Grade Story Analysis,71.43,7
2026-07-06T20:38:33.632Z,EDD on Grade Story Analysis,57.14,7
2026-07-06T20:30:49.756Z,EDD on Grade Story Analysis,90.63,16
2026-07-06T20:22:54.659Z,EDD on Grade Story Analysis,84.38,16
2026-07-06T20:11:54.120Z,EDD on Grade Story Analysis,78.13,16
2026-07-06T20:03:18.166Z,EDD on Grade Story Analysis,81.25,16
2026-07-06T19:27:12.888Z,EDD on Grade Story Analysis,81.25,16
2026-07-06T19:07:29.337Z,EDD on Grade Story Analysis,75,16
2026-07-06T18:52:54.649Z,EDD on Grade Story Analysis,94.44,9
2026-07-06T18:20:27.920Z,EDD on Grade Story Analysis,83.33,3
